Weather_ID,Farm_ID,Date,Temperature_C,Humidity_%,Rainfall_mm,Disease_Risk,Weather_Alert
WEA-00001,FM038,2025-06-20,23.9,90.9,19.6,High,Heavy Rain Alert
WEA-00002,FM080,2025-06-20,25.7,86.4,72.3,High,Heavy Rain Alert
WEA-00003,FM064,2025-11-25,34.0,78.0,71.6,Medium,None
WEA-00004,FM034,2025-03-27,31.3,83.3,107.7,High,Heavy Rain Alert
WEA-00005,FM050,2025-08-25,23.9,78.8,28.4,Medium,None
WEA-00006,FM051,2025-07-01,27.3,87.6,28.4,High,Heavy Rain Alert
WEA-00007,FM097,2025-08-24,29.0,85.7,148.9,High,Heavy Rain Alert
WEA-00008,FM095,2025-09-09,24.4,66.3,42.0,Low,None
WEA-00009,FM067,2025-12-06,22.4,76.1,123.4,High,Heavy Rain Alert
WEA-00010,FM041,2025-10-01,25.5,66.3,18.4,Low,None
WEA-00011,FM063,2025-11-24,29.2,82.3,28.5,Medium,None
WEA-00012,FM001,2025-11-05,32.3,83.0,131.3,High,Heavy Rain Alert
WEA-00013,FM095,2025-08-22,24.3,61.7,71.0,Medium,None
WEA-00014,FM021,2025-11-19,24.6,80.2,32.7,Medium,None
WEA-00015,FM078,2025-01-22,33.3,62.8,5.8,Low,None
WEA-00016,FM005,2025-11-19,28.3,89.9,122.9,High,Heavy Rain Alert
WEA-00017,FM070,2025-11-26,26.1,62.0,15.1,Low,None
WEA-00018,FM034,2025-10-19,22.6,94.9,127.4,High,Heavy Rain Alert
WEA-00019,FM078,2025-01-27,26.3,71.9,58.6,Medium,None
WEA-00020,FM045,2025-05-23,26.3,81.3,101.3,High,Heavy Rain Alert
WEA-00021,FM028,2025-02-04,30.7,76.3,59.2,Medium,None
WEA-00022,FM003,2025-07-12,23.5,88.2,90.6,High,Heavy Rain Alert
WEA-00023,FM067,2025-05-02,23.0,79.9,137.6,High,Heavy Rain Alert
WEA-00024,FM091,2025-03-01,22.1,90.0,12.2,High,Heavy Rain Alert
WEA-00025,FM086,2025-07-25,31.3,82.4,113.7,High,Heavy Rain Alert
WEA-00026,FM065,2025-11-17,31.3,92.9,39.5,High,Heavy Rain Alert
WEA-00027,FM053,2025-09-09,26.5,60.7,142.8,High,Heavy Rain Alert
WEA-00028,FM041,2025-03-07,34.0,61.0,40.5,Low,None
WEA-00029,FM069,2025-12-01,22.7,90.9,70.7,High,Heavy Rain Alert
WEA-00030,FM024,2025-11-03,22.4,83.3,65.3,Medium,None
WEA-00031,FM055,2025-01-04,26.8,69.4,88.4,Medium,None
WEA-00032,FM066,2025-11-03,32.5,65.5,57.5,Medium,None
WEA-00033,FM076,2025-11-01,31.0,61.9,128.4,High,Heavy Rain Alert
WEA-00034,FM013,2025-01-03,33.1,86.1,119.1,High,Heavy Rain Alert
WEA-00035,FM034,2025-11-26,34.5,70.0,65.7,Medium,None
WEA-00036,FM015,2025-01-19,25.0,88.3,114.4,High,Heavy Rain Alert
WEA-00037,FM071,2025-12-06,25.6,67.4,131.6,High,Heavy Rain Alert
WEA-00038,FM070,2025-01-12,33.0,85.9,88.5,High,Heavy Rain Alert
WEA-00039,FM096,2025-04-20,31.3,81.6,130.6,High,Heavy Rain Alert
WEA-00040,FM065,2025-01-17,30.1,72.8,38.3,Low,None
WEA-00041,FM045,2025-09-03,30.2,80.8,114.6,High,Heavy Rain Alert
WEA-00042,FM081,2025-07-25,22.2,61.1,50.7,Medium,None
WEA-00043,FM005,2025-01-21,33.6,81.3,105.8,High,Heavy Rain Alert
WEA-00044,FM033,2025-07-27,24.2,63.0,112.1,High,Heavy Rain Alert
WEA-00045,FM075,2025-04-18,33.3,84.1,39.0,Medium,None
WEA-00046,FM030,2025-09-07,27.6,61.0,98.0,Medium,None
WEA-00047,FM042,2025-03-12,32.1,62.1,86.0,Medium,None
WEA-00048,FM034,2025-06-24,28.8,66.3,64.7,Medium,None
WEA-00049,FM071,2025-06-14,28.1,83.8,148.1,High,Heavy Rain Alert
WEA-00050,FM043,2025-02-02,26.4,80.2,97.9,Medium,None
WEA-00051,FM044,2025-05-24,31.9,71.3,54.0,Medium,None
WEA-00052,FM096,2025-06-06,30.1,83.2,69.1,Medium,None
WEA-00053,FM053,2025-06-13,27.8,77.1,8.6,Medium,None
WEA-00054,FM078,2025-05-16,34.0,63.6,75.2,Medium,None
WEA-00055,FM073,2025-02-10,25.5,73.4,67.6,Medium,None
WEA-00056,FM015,2025-05-03,27.8,73.8,59.9,Medium,None
WEA-00057,FM077,2025-07-18,27.7,65.1,76.8,Medium,None
WEA-00058,FM067,2025-04-27,31.0,90.1,51.4,High,Heavy Rain Alert
WEA-00059,FM019,2025-11-13,24.3,88.9,93.1,High,Heavy Rain Alert
WEA-00060,FM063,2025-08-21,27.7,86.2,28.3,High,Heavy Rain Alert
WEA-00061,FM033,2025-02-17,29.8,78.4,17.6,Medium,None
WEA-00062,FM051,2025-03-08,33.7,64.2,76.6,Medium,None
WEA-00063,FM029,2025-01-01,34.6,92.6,93.9,High,Heavy Rain Alert
WEA-00064,FM064,2025-02-25,30.5,67.3,0.5,Low,None
WEA-00065,FM077,2025-07-10,29.7,83.5,47.8,Medium,None
WEA-00066,FM078,2025-06-22,29.5,82.1,19.0,Medium,None
WEA-00067,FM063,2025-01-26,31.4,90.2,101.3,High,Heavy Rain Alert
WEA-00068,FM071,2025-10-14,22.5,65.4,9.7,Low,None
WEA-00069,FM052,2025-08-28,31.0,86.7,63.7,High,Heavy Rain Alert
WEA-00070,FM085,2025-11-11,33.6,82.1,33.7,Medium,None
WEA-00071,FM014,2025-04-12,23.3,74.6,88.0,Medium,None
WEA-00072,FM027,2025-04-02,30.9,83.7,62.1,Medium,None
WEA-00073,FM028,2025-07-28,34.9,72.8,72.4,Medium,None
WEA-00074,FM069,2025-03-16,22.9,84.8,112.7,High,Heavy Rain Alert
WEA-00075,FM020,2025-02-28,26.6,81.5,24.4,Medium,None
WEA-00076,FM026,2025-03-24,31.4,73.4,77.4,Medium,None
WEA-00077,FM079,2025-06-16,26.2,88.6,146.6,High,Heavy Rain Alert
WEA-00078,FM058,2025-04-15,23.8,64.3,114.1,High,Heavy Rain Alert
WEA-00079,FM060,2025-07-25,28.6,86.4,17.5,High,Heavy Rain Alert
WEA-00080,FM029,2025-10-15,28.5,72.1,32.8,Low,None
WEA-00081,FM037,2025-01-18,33.2,92.9,17.2,High,Heavy Rain Alert
WEA-00082,FM051,2025-10-13,26.9,73.9,96.3,Medium,None
WEA-00083,FM008,2025-02-25,29.2,82.3,80.0,Medium,None
WEA-00084,FM097,2025-04-21,29.7,71.2,130.8,High,Heavy Rain Alert
WEA-00085,FM051,2025-01-06,23.6,89.4,114.8,High,Heavy Rain Alert
WEA-00086,FM040,2025-05-16,26.6,87.1,91.1,High,Heavy Rain Alert
WEA-00087,FM088,2025-05-07,25.6,84.6,149.9,High,Heavy Rain Alert
WEA-00088,FM005,2025-06-04,25.0,61.2,132.6,High,Heavy Rain Alert
WEA-00089,FM083,2025-02-13,31.6,87.7,61.1,High,Heavy Rain Alert
WEA-00090,FM080,2025-02-06,29.1,66.8,131.0,High,Heavy Rain Alert
WEA-00091,FM026,2025-06-10,22.8,73.8,89.1,Medium,None
WEA-00092,FM089,2025-01-22,28.6,67.0,117.4,High,Heavy Rain Alert
WEA-00093,FM098,2025-04-15,27.8,64.7,68.6,Medium,None
WEA-00094,FM040,2025-09-28,26.3,65.2,61.9,Medium,None
WEA-00095,FM038,2025-03-25,27.7,61.1,120.3,High,Heavy Rain Alert
WEA-00096,FM046,2025-01-12,27.5,80.0,21.3,Medium,None
WEA-00097,FM043,2025-06-07,29.7,85.7,44.9,High,Heavy Rain Alert
WEA-00098,FM064,2025-02-02,30.3,88.0,122.3,High,Heavy Rain Alert
WEA-00099,FM013,2025-01-17,31.0,88.3,96.9,High,Heavy Rain Alert
WEA-00100,FM054,2025-10-26,27.7,68.4,135.5,High,Heavy Rain Alert
WEA-00101,FM033,2025-01-11,25.2,93.5,50.4,High,Heavy Rain Alert
WEA-00102,FM078,2025-02-07,29.1,86.4,36.0,High,Heavy Rain Alert
WEA-00103,FM070,2025-12-19,34.9,89.2,30.0,High,Heavy Rain Alert
WEA-00104,FM036,2025-12-15,28.3,75.4,16.7,Medium,None
WEA-00105,FM090,2025-05-06,24.4,81.6,32.1,Medium,None
WEA-00106,FM100,2025-03-25,23.4,67.7,85.1,Medium,None
WEA-00107,FM099,2025-05-21,29.8,71.7,21.9,Low,None
WEA-00108,FM045,2025-11-10,33.9,73.5,22.6,Low,None
WEA-00109,FM013,2025-11-26,34.4,91.3,30.8,High,Heavy Rain Alert
WEA-00110,FM047,2025-08-15,24.6,84.0,39.5,Medium,None
WEA-00111,FM015,2025-07-06,24.9,78.6,39.2,Medium,None
WEA-00112,FM007,2025-01-05,30.6,77.4,76.9,Medium,None
WEA-00113,FM092,2025-04-18,33.4,86.9,127.0,High,Heavy Rain Alert
WEA-00114,FM034,2025-08-20,23.8,94.2,140.1,High,Heavy Rain Alert
WEA-00115,FM002,2025-05-22,34.1,66.2,125.1,High,Heavy Rain Alert
WEA-00116,FM065,2025-09-28,23.9,67.7,16.6,Low,None
WEA-00117,FM010,2025-08-26,32.4,73.6,21.5,Low,None
WEA-00118,FM033,2025-10-06,27.5,77.7,58.4,Medium,None
WEA-00119,FM001,2025-02-21,28.4,86.8,31.7,High,Heavy Rain Alert
WEA-00120,FM073,2025-06-21,27.4,69.7,111.0,High,Heavy Rain Alert
WEA-00121,FM091,2025-03-10,33.1,78.2,146.4,High,Heavy Rain Alert
WEA-00122,FM025,2025-08-07,26.7,63.6,76.8,Medium,None
WEA-00123,FM086,2025-01-24,31.4,86.6,138.6,High,Heavy Rain Alert
WEA-00124,FM091,2025-02-17,24.0,66.4,45.1,Low,None
WEA-00125,FM065,2025-12-25,24.2,82.2,45.5,Medium,None
WEA-00126,FM060,2025-09-11,26.0,94.2,116.5,High,Heavy Rain Alert
WEA-00127,FM056,2025-11-18,30.9,65.2,144.3,High,Heavy Rain Alert
WEA-00128,FM090,2025-09-16,31.4,90.2,134.8,High,Heavy Rain Alert
WEA-00129,FM074,2025-03-07,22.7,75.6,54.8,Medium,None
WEA-00130,FM011,2025-06-08,28.3,70.7,35.8,Low,None
WEA-00131,FM048,2025-02-01,25.9,90.8,102.4,High,Heavy Rain Alert
WEA-00132,FM022,2025-02-19,24.6,76.0,48.7,Medium,None
WEA-00133,FM015,2025-04-16,25.6,65.9,89.0,Medium,None
WEA-00134,FM023,2025-06-16,34.3,72.1,144.7,High,Heavy Rain Alert
WEA-00135,FM007,2025-01-25,24.4,65.9,12.6,Low,None
WEA-00136,FM014,2025-01-23,24.6,85.8,5.8,High,Heavy Rain Alert
WEA-00137,FM061,2025-05-06,28.4,86.6,92.2,High,Heavy Rain Alert
WEA-00138,FM065,2025-11-14,31.8,74.4,22.5,Low,None
WEA-00139,FM045,2025-04-28,24.0,66.5,138.6,High,Heavy Rain Alert
WEA-00140,FM074,2025-11-28,28.1,65.9,37.6,Low,None
WEA-00141,FM012,2025-10-07,29.6,86.5,15.9,High,Heavy Rain Alert
WEA-00142,FM021,2025-09-11,33.5,60.6,20.1,Low,None
WEA-00143,FM059,2025-12-03,33.2,75.4,114.3,High,Heavy Rain Alert
WEA-00144,FM012,2025-09-11,25.0,65.8,22.6,Low,None
WEA-00145,FM100,2025-07-23,30.8,92.8,144.7,High,Heavy Rain Alert
WEA-00146,FM018,2025-01-17,29.5,88.3,142.9,High,Heavy Rain Alert
WEA-00147,FM061,2025-03-26,33.8,87.5,107.1,High,Heavy Rain Alert
WEA-00148,FM100,2025-09-01,23.5,61.4,5.2,Low,None
WEA-00149,FM039,2025-07-23,34.5,68.7,40.0,Low,None
WEA-00150,FM013,2025-01-12,23.2,61.6,134.9,High,Heavy Rain Alert
WEA-00151,FM031,2025-02-02,27.3,70.4,41.6,Low,None
WEA-00152,FM061,2025-01-04,25.8,82.2,0.5,Medium,None
WEA-00153,FM003,2025-10-19,34.9,81.7,117.4,High,Heavy Rain Alert
WEA-00154,FM073,2025-08-26,31.6,76.5,97.6,Medium,None
WEA-00155,FM079,2025-05-07,23.6,70.3,20.1,Low,None
WEA-00156,FM076,2025-01-04,29.8,94.8,131.2,High,Heavy Rain Alert
WEA-00157,FM096,2025-08-12,32.2,78.1,137.1,High,Heavy Rain Alert
WEA-00158,FM011,2025-11-07,31.8,63.4,78.1,Medium,None
WEA-00159,FM038,2025-11-06,30.1,82.8,136.1,High,Heavy Rain Alert
WEA-00160,FM064,2025-07-18,32.8,89.2,61.1,High,Heavy Rain Alert
WEA-00161,FM034,2025-10-08,33.3,84.6,4.4,Medium,None
WEA-00162,FM020,2025-11-11,32.6,60.6,90.7,Medium,None
WEA-00163,FM084,2025-08-05,23.7,74.9,135.7,High,Heavy Rain Alert
WEA-00164,FM088,2025-02-13,34.1,76.1,139.1,High,Heavy Rain Alert
WEA-00165,FM018,2025-03-15,27.6,77.2,107.1,High,Heavy Rain Alert
WEA-00166,FM021,2025-05-27,25.2,65.7,86.0,Medium,None
WEA-00167,FM100,2025-08-11,22.4,68.8,19.9,Low,None
WEA-00168,FM052,2025-03-10,28.1,84.9,67.9,Medium,None
WEA-00169,FM052,2025-02-02,25.2,80.8,47.6,Medium,None
WEA-00170,FM005,2025-07-20,29.3,70.9,21.7,Low,None
WEA-00171,FM086,2025-10-22,28.1,82.1,25.0,Medium,None
WEA-00172,FM038,2025-03-17,31.8,62.8,82.6,Medium,None
WEA-00173,FM050,2025-11-27,31.8,91.3,35.0,High,Heavy Rain Alert
WEA-00174,FM021,2025-10-17,25.4,90.8,101.5,High,Heavy Rain Alert
WEA-00175,FM056,2025-01-24,23.1,66.6,0.3,Low,None
WEA-00176,FM013,2025-12-15,30.5,85.3,51.3,High,Heavy Rain Alert
WEA-00177,FM008,2025-06-22,26.1,94.8,136.1,High,Heavy Rain Alert
WEA-00178,FM071,2025-01-01,32.4,66.7,73.2,Medium,None
WEA-00179,FM034,2025-03-01,28.3,64.6,95.0,Medium,None
WEA-00180,FM060,2025-07-14,32.7,70.4,92.6,Medium,None
WEA-00181,FM029,2025-07-13,29.9,67.6,127.1,High,Heavy Rain Alert
WEA-00182,FM097,2025-03-24,26.4,93.7,96.9,High,Heavy Rain Alert
WEA-00183,FM007,2025-10-15,30.2,70.9,127.6,High,Heavy Rain Alert
WEA-00184,FM041,2025-08-04,25.1,61.4,133.2,High,Heavy Rain Alert
WEA-00185,FM030,2025-04-26,24.7,71.6,75.5,Medium,None
WEA-00186,FM018,2025-01-13,23.5,91.1,26.5,High,Heavy Rain Alert
WEA-00187,FM018,2025-05-28,24.1,60.0,134.6,High,Heavy Rain Alert
WEA-00188,FM095,2025-09-28,30.8,60.9,23.6,Low,None
WEA-00189,FM054,2025-10-07,25.2,80.3,68.6,Medium,None
WEA-00190,FM099,2025-04-14,24.7,88.6,122.7,High,Heavy Rain Alert
WEA-00191,FM003,2025-10-15,30.4,71.2,39.6,Low,None
WEA-00192,FM043,2025-08-28,28.8,65.3,133.0,High,Heavy Rain Alert
WEA-00193,FM077,2025-07-03,25.1,82.2,75.5,Medium,None
WEA-00194,FM091,2025-05-05,23.8,71.0,100.8,High,Heavy Rain Alert
WEA-00195,FM071,2025-07-19,31.9,66.7,35.3,Low,None
WEA-00196,FM006,2025-12-12,31.4,75.8,25.7,Medium,None
WEA-00197,FM044,2025-07-05,25.4,85.3,9.3,High,Heavy Rain Alert
WEA-00198,FM034,2025-10-25,23.4,92.4,94.5,High,Heavy Rain Alert
WEA-00199,FM038,2025-10-20,22.2,82.3,22.2,Medium,None
WEA-00200,FM095,2025-03-13,35.0,66.7,12.6,Low,None
WEA-00201,FM014,2025-02-23,23.4,67.7,48.6,Low,None
WEA-00202,FM086,2025-05-07,33.2,76.3,15.1,Medium,None
WEA-00203,FM032,2025-06-03,33.6,88.5,74.0,High,Heavy Rain Alert
WEA-00204,FM090,2025-12-08,24.8,72.4,34.9,Low,None
WEA-00205,FM100,2025-08-01,34.9,69.4,22.2,Low,None
WEA-00206,FM082,2025-11-28,28.8,73.9,22.5,Low,None
WEA-00207,FM038,2025-10-06,24.9,82.4,81.6,Medium,None
WEA-00208,FM091,2025-07-20,32.8,60.9,37.6,Low,None
WEA-00209,FM072,2025-01-27,31.6,83.2,70.8,Medium,None
WEA-00210,FM068,2025-05-23,27.3,70.0,80.7,Medium,None
WEA-00211,FM027,2025-12-25,27.0,83.9,119.9,High,Heavy Rain Alert
WEA-00212,FM012,2025-12-22,30.8,70.9,2.7,Low,None
WEA-00213,FM064,2025-09-28,22.0,93.3,108.1,High,Heavy Rain Alert
WEA-00214,FM026,2025-03-05,24.1,86.1,107.7,High,Heavy Rain Alert
WEA-00215,FM090,2025-10-20,26.2,72.5,137.6,High,Heavy Rain Alert
WEA-00216,FM011,2025-03-01,32.1,88.0,21.1,High,Heavy Rain Alert
WEA-00217,FM074,2025-02-04,23.9,74.8,15.5,Low,None
WEA-00218,FM088,2025-10-25,28.7,73.8,93.3,Medium,None
WEA-00219,FM009,2025-03-26,25.4,60.3,125.8,High,Heavy Rain Alert
WEA-00220,FM062,2025-09-26,22.1,88.8,38.1,High,Heavy Rain Alert
WEA-00221,FM068,2025-01-27,30.6,82.6,140.6,High,Heavy Rain Alert
WEA-00222,FM045,2025-12-15,30.7,85.7,67.3,High,Heavy Rain Alert
WEA-00223,FM037,2025-09-12,31.2,65.8,84.0,Medium,None
WEA-00224,FM080,2025-11-27,33.7,72.4,40.2,Low,None
WEA-00225,FM063,2025-01-23,31.5,83.1,116.1,High,Heavy Rain Alert
WEA-00226,FM035,2025-07-05,28.4,93.2,93.0,High,Heavy Rain Alert
WEA-00227,FM050,2025-01-28,25.1,72.7,2.6,Low,None
WEA-00228,FM059,2025-06-20,31.8,74.0,111.4,High,Heavy Rain Alert
WEA-00229,FM013,2025-09-18,23.6,69.8,43.3,Low,None
WEA-00230,FM017,2025-06-24,27.0,78.6,35.1,Medium,None
WEA-00231,FM003,2025-03-19,24.0,80.6,126.6,High,Heavy Rain Alert
WEA-00232,FM023,2025-07-14,31.3,70.9,147.6,High,Heavy Rain Alert
WEA-00233,FM023,2025-01-05,24.7,94.5,146.0,High,Heavy Rain Alert
WEA-00234,FM023,2025-08-23,34.8,91.9,63.5,High,Heavy Rain Alert
WEA-00235,FM009,2025-09-07,32.6,66.1,92.0,Medium,None
WEA-00236,FM030,2025-05-24,32.6,87.1,5.2,High,Heavy Rain Alert
WEA-00237,FM072,2025-04-01,26.8,68.0,101.8,High,Heavy Rain Alert
WEA-00238,FM046,2025-04-23,32.3,81.9,20.9,Medium,None
WEA-00239,FM023,2025-01-18,24.0,91.1,129.4,High,Heavy Rain Alert
WEA-00240,FM031,2025-01-26,28.4,70.5,37.7,Low,None
WEA-00241,FM073,2025-05-08,24.2,89.9,58.4,High,Heavy Rain Alert
WEA-00242,FM046,2025-01-28,31.9,85.9,117.1,High,Heavy Rain Alert
WEA-00243,FM011,2025-01-03,35.0,88.3,130.9,High,Heavy Rain Alert
WEA-00244,FM071,2025-09-16,22.6,88.6,11.1,High,Heavy Rain Alert
WEA-00245,FM079,2025-12-19,29.5,84.9,18.0,Medium,None
WEA-00246,FM026,2025-10-02,26.4,81.2,51.3,Medium,None
WEA-00247,FM097,2025-04-04,27.2,71.0,51.1,Medium,None
WEA-00248,FM003,2025-10-13,22.4,85.5,138.4,High,Heavy Rain Alert
WEA-00249,FM092,2025-01-09,23.7,61.8,133.4,High,Heavy Rain Alert
WEA-00250,FM069,2025-12-25,28.9,81.4,137.6,High,Heavy Rain Alert
WEA-00251,FM061,2025-01-01,25.7,83.7,10.5,Medium,None
WEA-00252,FM097,2025-09-09,34.5,60.5,45.1,Low,None
WEA-00253,FM048,2025-09-03,23.8,69.0,7.3,Low,None
WEA-00254,FM026,2025-08-13,34.9,86.2,9.1,High,Heavy Rain Alert
WEA-00255,FM039,2025-03-17,27.3,63.1,84.9,Medium,None
WEA-00256,FM069,2025-09-17,29.1,81.8,24.7,Medium,None
WEA-00257,FM042,2025-11-27,33.0,70.5,41.0,Low,None
WEA-00258,FM020,2025-07-07,23.3,67.6,89.5,Medium,None
WEA-00259,FM098,2025-07-01,29.2,68.3,118.7,High,Heavy Rain Alert
WEA-00260,FM056,2025-07-28,26.9,81.9,107.5,High,Heavy Rain Alert
WEA-00261,FM097,2025-09-13,25.7,92.3,140.8,High,Heavy Rain Alert
WEA-00262,FM010,2025-09-02,34.0,62.9,21.0,Low,None
WEA-00263,FM091,2025-09-27,31.9,66.4,125.0,High,Heavy Rain Alert
WEA-00264,FM093,2025-12-02,31.5,89.3,17.5,High,Heavy Rain Alert
WEA-00265,FM018,2025-10-06,26.8,64.9,16.6,Low,None
WEA-00266,FM087,2025-03-25,22.2,79.0,55.0,Medium,None
WEA-00267,FM095,2025-12-07,27.8,80.3,15.8,Medium,None
WEA-00268,FM098,2025-11-07,30.3,94.4,35.9,High,Heavy Rain Alert
WEA-00269,FM040,2025-04-24,23.5,94.6,55.6,High,Heavy Rain Alert
WEA-00270,FM036,2025-08-19,32.7,65.8,47.3,Low,None
WEA-00271,FM013,2025-04-27,28.8,76.7,38.2,Medium,None
WEA-00272,FM023,2025-09-15,26.7,86.5,74.6,High,Heavy Rain Alert
WEA-00273,FM075,2025-02-02,22.7,74.0,31.3,Low,None
WEA-00274,FM015,2025-02-06,27.5,77.7,116.3,High,Heavy Rain Alert
WEA-00275,FM061,2025-04-11,22.5,74.2,29.6,Low,None
WEA-00276,FM045,2025-06-25,22.7,83.1,94.9,Medium,None
WEA-00277,FM070,2025-10-28,27.3,62.8,141.8,High,Heavy Rain Alert
WEA-00278,FM091,2025-10-18,32.3,65.9,102.4,High,Heavy Rain Alert
WEA-00279,FM025,2025-06-19,32.7,88.4,139.9,High,Heavy Rain Alert
WEA-00280,FM073,2025-02-20,22.5,92.3,80.0,High,Heavy Rain Alert
WEA-00281,FM037,2025-09-02,25.2,74.2,49.2,Low,None
WEA-00282,FM002,2025-01-22,25.3,61.0,102.3,High,Heavy Rain Alert
WEA-00283,FM022,2025-11-04,32.8,90.8,28.3,High,Heavy Rain Alert
WEA-00284,FM056,2025-06-14,27.4,74.9,135.6,High,Heavy Rain Alert
WEA-00285,FM015,2025-09-11,30.2,72.5,72.0,Medium,None
WEA-00286,FM028,2025-04-17,25.1,93.8,103.2,High,Heavy Rain Alert
WEA-00287,FM088,2025-08-21,28.4,88.8,85.9,High,Heavy Rain Alert
WEA-00288,FM045,2025-02-16,25.1,77.4,15.7,Medium,None
WEA-00289,FM087,2025-01-19,29.8,86.6,34.6,High,Heavy Rain Alert
WEA-00290,FM088,2025-10-09,29.8,86.6,144.4,High,Heavy Rain Alert
WEA-00291,FM015,2025-12-22,30.8,74.6,102.5,High,Heavy Rain Alert
WEA-00292,FM089,2025-11-17,26.4,77.9,127.7,High,Heavy Rain Alert
WEA-00293,FM056,2025-06-08,22.9,80.4,30.6,Medium,None
WEA-00294,FM066,2025-02-16,35.0,73.7,30.2,Low,None
WEA-00295,FM083,2025-07-15,34.2,92.9,140.0,High,Heavy Rain Alert
WEA-00296,FM047,2025-12-05,24.9,62.0,15.6,Low,None
WEA-00297,FM013,2025-10-05,27.9,81.0,61.9,Medium,None
WEA-00298,FM081,2025-11-26,22.5,63.4,101.3,High,Heavy Rain Alert
WEA-00299,FM070,2025-10-17,25.4,61.0,89.1,Medium,None
WEA-00300,FM038,2025-02-05,32.9,78.7,39.9,Medium,None
WEA-00301,FM068,2025-02-04,26.8,83.6,17.7,Medium,None
WEA-00302,FM005,2025-07-23,32.9,75.5,95.8,Medium,None
WEA-00303,FM076,2025-06-17,29.1,77.2,46.1,Medium,None
WEA-00304,FM062,2025-03-28,33.7,91.5,100.0,High,Heavy Rain Alert
WEA-00305,FM024,2025-02-08,26.5,73.0,112.3,High,Heavy Rain Alert
WEA-00306,FM056,2025-02-04,31.4,85.4,31.8,High,Heavy Rain Alert
WEA-00307,FM021,2025-07-10,34.9,75.7,104.3,High,Heavy Rain Alert
WEA-00308,FM085,2025-05-03,22.4,87.1,7.4,High,Heavy Rain Alert
WEA-00309,FM088,2025-07-19,29.3,62.8,34.6,Low,None
WEA-00310,FM092,2025-02-07,25.5,66.5,114.6,High,Heavy Rain Alert
WEA-00311,FM046,2025-06-07,27.5,76.1,132.1,High,Heavy Rain Alert
WEA-00312,FM006,2025-08-19,31.3,75.8,67.2,Medium,None
WEA-00313,FM001,2025-08-22,32.1,84.3,48.4,Medium,None
WEA-00314,FM006,2025-02-11,25.2,82.0,58.3,Medium,None
WEA-00315,FM071,2025-04-14,33.5,91.2,33.8,High,Heavy Rain Alert
WEA-00316,FM045,2025-09-18,30.3,68.7,91.0,Medium,None
WEA-00317,FM074,2025-05-02,23.1,80.1,68.7,Medium,None
WEA-00318,FM092,2025-03-17,28.8,93.3,57.1,High,Heavy Rain Alert
WEA-00319,FM022,2025-03-24,24.9,71.8,15.3,Low,None
WEA-00320,FM057,2025-11-01,30.0,73.7,61.2,Medium,None
WEA-00321,FM098,2025-03-07,33.8,76.0,138.3,High,Heavy Rain Alert
WEA-00322,FM093,2025-03-20,30.4,69.7,59.3,Medium,None
WEA-00323,FM056,2025-04-09,31.3,69.2,72.5,Medium,None
WEA-00324,FM019,2025-09-24,25.5,85.0,61.7,Medium,None
WEA-00325,FM076,2025-11-15,34.2,75.7,23.4,Medium,None
WEA-00326,FM084,2025-10-05,33.1,70.9,27.5,Low,None
WEA-00327,FM067,2025-04-02,29.0,76.0,21.3,Medium,None
WEA-00328,FM052,2025-12-12,22.4,81.6,35.6,Medium,None
WEA-00329,FM036,2025-05-27,32.5,91.7,120.6,High,Heavy Rain Alert
WEA-00330,FM086,2025-07-26,24.0,86.1,21.5,High,Heavy Rain Alert
WEA-00331,FM071,2025-07-08,32.9,90.1,76.5,High,Heavy Rain Alert
WEA-00332,FM027,2025-10-18,31.7,75.5,98.0,Medium,None
WEA-00333,FM019,2025-11-08,33.2,63.6,111.1,High,Heavy Rain Alert
WEA-00334,FM087,2025-11-12,27.9,82.1,32.7,Medium,None
WEA-00335,FM080,2025-09-27,31.9,82.6,10.9,Medium,None
WEA-00336,FM077,2025-10-07,34.9,83.7,51.7,Medium,None
WEA-00337,FM057,2025-09-10,30.7,82.4,48.1,Medium,None
WEA-00338,FM054,2025-04-18,26.0,92.5,7.9,High,Heavy Rain Alert
WEA-00339,FM012,2025-04-28,27.4,75.4,134.8,High,Heavy Rain Alert
WEA-00340,FM015,2025-07-01,22.1,81.0,63.9,Medium,None
WEA-00341,FM012,2025-03-08,31.3,93.8,127.5,High,Heavy Rain Alert
WEA-00342,FM072,2025-10-27,23.6,76.1,24.5,Medium,None
WEA-00343,FM046,2025-12-08,29.7,90.9,78.9,High,Heavy Rain Alert
WEA-00344,FM063,2025-12-20,27.7,65.9,62.9,Medium,None
WEA-00345,FM099,2025-07-08,26.7,69.1,29.8,Low,None
WEA-00346,FM064,2025-07-06,28.4,60.6,107.3,High,Heavy Rain Alert
WEA-00347,FM023,2025-02-19,26.3,74.4,135.2,High,Heavy Rain Alert
WEA-00348,FM040,2025-03-02,22.2,78.5,113.4,High,Heavy Rain Alert
WEA-00349,FM039,2025-12-21,31.3,80.1,23.6,Medium,None
WEA-00350,FM026,2025-08-09,34.2,93.6,123.1,High,Heavy Rain Alert
WEA-00351,FM069,2025-10-18,24.9,93.1,35.0,High,Heavy Rain Alert
WEA-00352,FM025,2025-08-25,24.4,75.2,64.7,Medium,None
WEA-00353,FM047,2025-11-25,25.0,83.7,47.5,Medium,None
WEA-00354,FM081,2025-02-14,24.0,60.3,66.0,Medium,None
WEA-00355,FM003,2025-06-13,33.9,93.5,102.9,High,Heavy Rain Alert
WEA-00356,FM053,2025-12-10,32.9,79.3,25.1,Medium,None
WEA-00357,FM097,2025-08-09,29.9,74.8,50.4,Medium,None
WEA-00358,FM077,2025-02-20,27.3,77.1,130.0,High,Heavy Rain Alert
WEA-00359,FM037,2025-09-21,34.5,86.2,88.9,High,Heavy Rain Alert
WEA-00360,FM092,2025-09-01,33.3,72.0,3.5,Low,None
WEA-00361,FM056,2025-06-09,31.9,68.5,60.3,Medium,None
WEA-00362,FM019,2025-12-01,24.7,82.2,40.9,Medium,None
WEA-00363,FM073,2025-07-14,25.2,76.5,33.4,Medium,None
WEA-00364,FM090,2025-05-10,22.4,64.1,128.7,High,Heavy Rain Alert
WEA-00365,FM085,2025-10-18,29.8,66.2,7.3,Low,None
WEA-00366,FM090,2025-06-14,33.7,93.8,63.4,High,Heavy Rain Alert
WEA-00367,FM065,2025-09-04,34.9,79.5,59.0,Medium,None
WEA-00368,FM043,2025-05-04,31.8,62.4,66.1,Medium,None
WEA-00369,FM066,2025-07-03,34.8,60.2,117.5,High,Heavy Rain Alert
WEA-00370,FM080,2025-03-16,22.2,74.9,114.9,High,Heavy Rain Alert
WEA-00371,FM046,2025-12-13,23.8,87.9,134.5,High,Heavy Rain Alert
WEA-00372,FM023,2025-09-10,27.3,64.3,14.2,Low,None
WEA-00373,FM055,2025-05-25,22.9,61.9,96.2,Medium,None
WEA-00374,FM085,2025-04-04,24.5,78.2,2.7,Medium,None
WEA-00375,FM054,2025-06-16,23.3,60.3,51.9,Medium,None
WEA-00376,FM002,2025-09-23,29.6,73.2,32.8,Low,None
WEA-00377,FM056,2025-12-16,26.4,80.3,58.8,Medium,None
WEA-00378,FM019,2025-11-05,24.0,88.0,99.3,High,Heavy Rain Alert
WEA-00379,FM059,2025-12-01,34.7,79.1,147.4,High,Heavy Rain Alert
WEA-00380,FM012,2025-06-05,31.8,86.0,83.0,High,Heavy Rain Alert
WEA-00381,FM044,2025-03-26,29.4,77.1,51.2,Medium,None
WEA-00382,FM034,2025-05-08,25.9,84.0,49.8,Medium,None
WEA-00383,FM044,2025-04-15,22.6,90.4,69.9,High,Heavy Rain Alert
WEA-00384,FM079,2025-10-24,30.0,72.4,65.6,Medium,None
WEA-00385,FM038,2025-12-25,27.9,70.2,105.8,High,Heavy Rain Alert
WEA-00386,FM063,2025-04-19,32.6,87.2,35.8,High,Heavy Rain Alert
WEA-00387,FM037,2025-05-03,32.2,63.1,39.4,Low,None
WEA-00388,FM023,2025-08-24,33.5,69.3,27.7,Low,None
WEA-00389,FM075,2025-12-04,28.8,65.1,26.1,Low,None
WEA-00390,FM020,2025-10-21,24.9,94.4,94.4,High,Heavy Rain Alert
WEA-00391,FM069,2025-04-15,26.1,88.6,6.8,High,Heavy Rain Alert
WEA-00392,FM072,2025-11-18,30.3,71.1,61.6,Medium,None
WEA-00393,FM057,2025-03-24,33.2,73.0,38.7,Low,None
WEA-00394,FM055,2025-01-19,30.0,83.9,11.9,Medium,None
WEA-00395,FM003,2025-05-15,25.7,83.6,41.1,Medium,None
WEA-00396,FM049,2025-11-07,26.3,65.1,28.8,Low,None
WEA-00397,FM055,2025-04-23,31.4,92.2,135.2,High,Heavy Rain Alert
WEA-00398,FM076,2025-01-01,28.7,90.4,98.1,High,Heavy Rain Alert
WEA-00399,FM078,2025-12-25,23.1,90.6,71.4,High,Heavy Rain Alert
WEA-00400,FM085,2025-03-08,22.8,93.4,106.4,High,Heavy Rain Alert
WEA-00401,FM077,2025-05-05,29.6,61.8,39.3,Low,None
WEA-00402,FM010,2025-10-21,30.4,93.1,148.7,High,Heavy Rain Alert
WEA-00403,FM046,2025-04-15,31.9,72.0,53.5,Medium,None
WEA-00404,FM089,2025-08-07,22.4,86.1,102.5,High,Heavy Rain Alert
WEA-00405,FM055,2025-03-16,29.3,64.6,107.2,High,Heavy Rain Alert
WEA-00406,FM024,2025-01-05,27.2,94.7,129.3,High,Heavy Rain Alert
WEA-00407,FM010,2025-06-15,34.5,64.5,25.7,Low,None
WEA-00408,FM099,2025-12-25,22.0,79.6,18.9,Medium,None
WEA-00409,FM066,2025-06-27,24.1,64.9,110.5,High,Heavy Rain Alert
WEA-00410,FM051,2025-12-12,32.2,78.3,74.6,Medium,None
WEA-00411,FM034,2025-07-02,25.5,73.8,115.9,High,Heavy Rain Alert
WEA-00412,FM066,2025-08-03,26.0,60.5,142.5,High,Heavy Rain Alert
WEA-00413,FM024,2025-06-27,28.0,70.2,3.3,Low,None
WEA-00414,FM032,2025-08-25,23.0,90.6,46.8,High,Heavy Rain Alert
WEA-00415,FM033,2025-11-06,24.7,69.9,26.2,Low,None
WEA-00416,FM080,2025-12-24,25.8,79.9,143.4,High,Heavy Rain Alert
WEA-00417,FM079,2025-10-07,30.0,75.4,99.4,Medium,None
WEA-00418,FM049,2025-09-26,28.6,85.4,139.2,High,Heavy Rain Alert
WEA-00419,FM018,2025-03-09,25.5,65.0,89.0,Medium,None
WEA-00420,FM073,2025-09-09,29.9,82.1,110.0,High,Heavy Rain Alert
WEA-00421,FM065,2025-10-19,23.9,64.8,55.6,Medium,None
WEA-00422,FM029,2025-03-07,30.4,61.7,123.5,High,Heavy Rain Alert
WEA-00423,FM075,2025-02-07,25.7,84.9,118.9,High,Heavy Rain Alert
WEA-00424,FM034,2025-02-02,30.6,89.9,75.6,High,Heavy Rain Alert
WEA-00425,FM009,2025-06-13,31.7,62.7,149.8,High,Heavy Rain Alert
WEA-00426,FM063,2025-01-18,29.0,67.3,73.9,Medium,None
WEA-00427,FM001,2025-03-19,24.3,63.8,116.0,High,Heavy Rain Alert
WEA-00428,FM010,2025-05-18,30.6,89.1,115.7,High,Heavy Rain Alert
WEA-00429,FM049,2025-03-08,25.8,94.7,47.6,High,Heavy Rain Alert
WEA-00430,FM005,2025-02-02,29.1,61.7,62.6,Medium,None
WEA-00431,FM091,2025-02-03,24.1,76.5,146.2,High,Heavy Rain Alert
WEA-00432,FM013,2025-04-26,26.8,80.6,45.2,Medium,None
WEA-00433,FM050,2025-10-23,34.6,63.1,57.2,Medium,None
WEA-00434,FM041,2025-09-14,29.4,77.3,81.5,Medium,None
WEA-00435,FM023,2025-03-09,29.6,73.1,116.5,High,Heavy Rain Alert
WEA-00436,FM014,2025-07-06,22.7,63.0,40.6,Low,None
WEA-00437,FM068,2025-11-07,31.3,93.3,41.4,High,Heavy Rain Alert
WEA-00438,FM005,2025-07-25,23.5,77.3,17.2,Medium,None
WEA-00439,FM008,2025-04-02,32.0,75.8,17.3,Medium,None
WEA-00440,FM085,2025-05-26,31.4,61.7,119.7,High,Heavy Rain Alert
WEA-00441,FM090,2025-04-11,30.2,85.6,63.1,High,Heavy Rain Alert
WEA-00442,FM097,2025-06-03,26.1,85.9,116.7,High,Heavy Rain Alert
WEA-00443,FM006,2025-01-01,30.7,90.3,82.9,High,Heavy Rain Alert
WEA-00444,FM030,2025-03-14,26.8,64.4,85.8,Medium,None
WEA-00445,FM088,2025-12-24,30.6,67.9,102.8,High,Heavy Rain Alert
WEA-00446,FM092,2025-04-05,32.8,88.4,113.7,High,Heavy Rain Alert
WEA-00447,FM067,2025-11-28,34.7,77.2,101.4,High,Heavy Rain Alert
WEA-00448,FM087,2025-09-27,29.0,82.1,43.9,Medium,None
WEA-00449,FM090,2025-05-21,23.1,78.2,47.1,Medium,None
WEA-00450,FM087,2025-04-17,32.1,92.7,132.8,High,Heavy Rain Alert
WEA-00451,FM078,2025-12-23,34.7,80.3,144.1,High,Heavy Rain Alert
WEA-00452,FM069,2025-10-23,29.5,63.9,132.5,High,Heavy Rain Alert
WEA-00453,FM011,2025-08-20,23.4,64.2,56.5,Medium,None
WEA-00454,FM062,2025-04-24,23.8,88.9,99.3,High,Heavy Rain Alert
WEA-00455,FM082,2025-05-21,34.6,91.4,8.0,High,Heavy Rain Alert
WEA-00456,FM054,2025-03-13,23.2,80.8,137.8,High,Heavy Rain Alert
WEA-00457,FM030,2025-08-15,29.6,87.0,63.4,High,Heavy Rain Alert
WEA-00458,FM005,2025-10-02,32.0,78.5,56.1,Medium,None
WEA-00459,FM010,2025-01-05,27.0,86.8,57.1,High,Heavy Rain Alert
WEA-00460,FM035,2025-06-26,34.0,87.6,116.5,High,Heavy Rain Alert
WEA-00461,FM068,2025-04-05,23.6,65.8,73.5,Medium,None
WEA-00462,FM057,2025-06-05,35.0,72.6,147.0,High,Heavy Rain Alert
WEA-00463,FM051,2025-07-23,32.4,88.2,39.7,High,Heavy Rain Alert
WEA-00464,FM066,2025-04-24,33.5,60.2,92.0,Medium,None
WEA-00465,FM077,2025-03-09,27.4,73.8,82.0,Medium,None
WEA-00466,FM017,2025-03-11,31.6,89.4,64.9,High,Heavy Rain Alert
WEA-00467,FM094,2025-06-10,27.4,79.6,122.6,High,Heavy Rain Alert
WEA-00468,FM011,2025-02-11,26.0,63.4,28.1,Low,None
WEA-00469,FM063,2025-01-03,23.1,91.5,109.8,High,Heavy Rain Alert
WEA-00470,FM027,2025-05-09,31.9,84.0,94.7,Medium,None
WEA-00471,FM044,2025-12-13,32.8,73.0,89.6,Medium,None
WEA-00472,FM059,2025-01-03,28.4,93.6,149.6,High,Heavy Rain Alert
WEA-00473,FM039,2025-08-24,24.8,78.3,138.5,High,Heavy Rain Alert
WEA-00474,FM098,2025-10-24,30.1,64.1,6.3,Low,None
WEA-00475,FM086,2025-03-25,30.1,87.2,14.2,High,Heavy Rain Alert
WEA-00476,FM037,2025-08-02,33.6,77.2,25.4,Medium,None
WEA-00477,FM072,2025-09-24,26.1,60.9,118.3,High,Heavy Rain Alert
WEA-00478,FM006,2025-08-25,25.6,67.4,109.7,High,Heavy Rain Alert
WEA-00479,FM070,2025-03-06,28.1,92.0,2.4,High,Heavy Rain Alert
WEA-00480,FM027,2025-08-12,29.0,76.5,6.6,Medium,None
WEA-00481,FM019,2025-02-17,33.6,70.0,105.6,High,Heavy Rain Alert
WEA-00482,FM069,2025-12-03,25.5,80.1,117.6,High,Heavy Rain Alert
WEA-00483,FM004,2025-04-10,24.7,88.1,25.1,High,Heavy Rain Alert
WEA-00484,FM005,2025-11-17,27.1,85.1,72.5,High,Heavy Rain Alert
WEA-00485,FM012,2025-05-21,34.4,83.4,139.9,High,Heavy Rain Alert
WEA-00486,FM051,2025-03-25,33.4,94.7,117.6,High,Heavy Rain Alert
WEA-00487,FM034,2025-01-05,34.0,74.2,60.8,Medium,None
WEA-00488,FM022,2025-01-26,33.8,62.9,126.6,High,Heavy Rain Alert
WEA-00489,FM068,2025-01-15,23.8,65.4,16.9,Low,None
WEA-00490,FM039,2025-02-15,31.3,67.1,13.1,Low,None
WEA-00491,FM007,2025-10-25,33.5,74.1,11.4,Low,None
WEA-00492,FM059,2025-04-03,22.2,62.2,59.5,Medium,None
WEA-00493,FM016,2025-09-03,29.6,83.8,108.6,High,Heavy Rain Alert
WEA-00494,FM095,2025-09-16,27.1,81.5,111.4,High,Heavy Rain Alert
WEA-00495,FM067,2025-11-04,32.0,60.0,16.8,Low,None
WEA-00496,FM084,2025-10-09,24.0,76.0,39.9,Medium,None
WEA-00497,FM097,2025-11-26,23.6,82.2,131.9,High,Heavy Rain Alert
WEA-00498,FM028,2025-02-20,22.3,80.0,127.2,High,Heavy Rain Alert
WEA-00499,FM030,2025-03-02,27.7,62.9,30.1,Low,None
WEA-00500,FM052,2025-12-18,24.4,89.9,28.4,High,Heavy Rain Alert
WEA-00501,FM077,2025-06-24,23.2,81.6,27.3,Medium,None
WEA-00502,FM094,2025-11-28,25.8,82.4,55.4,Medium,None
WEA-00503,FM087,2025-06-26,27.3,70.9,2.9,Low,None
WEA-00504,FM008,2025-07-09,34.2,65.2,129.3,High,Heavy Rain Alert
WEA-00505,FM025,2025-11-03,26.0,67.7,13.6,Low,None
WEA-00506,FM040,2025-08-02,27.6,62.2,31.6,Low,None
WEA-00507,FM075,2025-08-20,23.4,60.2,80.2,Medium,None
WEA-00508,FM012,2025-01-28,33.8,78.5,127.9,High,Heavy Rain Alert
WEA-00509,FM084,2025-05-25,34.4,86.2,103.1,High,Heavy Rain Alert
WEA-00510,FM001,2025-05-25,27.6,74.6,122.4,High,Heavy Rain Alert
WEA-00511,FM096,2025-12-09,31.3,66.2,16.1,Low,None
WEA-00512,FM008,2025-03-21,22.2,66.5,97.7,Medium,None
WEA-00513,FM021,2025-09-02,33.7,80.9,109.0,High,Heavy Rain Alert
WEA-00514,FM028,2025-01-12,27.1,80.4,44.8,Medium,None
WEA-00515,FM059,2025-08-11,25.0,82.8,73.7,Medium,None
WEA-00516,FM072,2025-11-19,33.4,73.0,100.1,High,Heavy Rain Alert
WEA-00517,FM013,2025-05-05,27.2,81.1,116.8,High,Heavy Rain Alert
WEA-00518,FM081,2025-05-17,29.5,61.0,127.6,High,Heavy Rain Alert
WEA-00519,FM094,2025-06-02,30.3,64.6,143.1,High,Heavy Rain Alert
WEA-00520,FM074,2025-02-19,29.6,77.1,48.0,Medium,None
WEA-00521,FM021,2025-09-10,28.7,81.7,122.3,High,Heavy Rain Alert
WEA-00522,FM090,2025-08-11,23.7,62.9,25.8,Low,None
WEA-00523,FM088,2025-12-05,23.2,81.4,36.9,Medium,None
WEA-00524,FM014,2025-02-24,23.8,88.2,10.0,High,Heavy Rain Alert
WEA-00525,FM090,2025-01-10,25.9,94.3,55.2,High,Heavy Rain Alert
WEA-00526,FM043,2025-11-17,22.1,64.6,83.6,Medium,None
WEA-00527,FM098,2025-01-14,30.1,73.3,37.1,Low,None
WEA-00528,FM056,2025-05-27,23.7,65.3,72.0,Medium,None
WEA-00529,FM072,2025-12-06,25.1,73.5,37.8,Low,None
WEA-00530,FM064,2025-06-22,30.1,92.5,95.6,High,Heavy Rain Alert
WEA-00531,FM057,2025-12-11,27.9,87.0,79.0,High,Heavy Rain Alert
WEA-00532,FM071,2025-03-26,31.0,73.6,86.8,Medium,None
WEA-00533,FM065,2025-03-04,29.0,92.9,3.6,High,Heavy Rain Alert
WEA-00534,FM009,2025-12-22,34.5,90.4,83.3,High,Heavy Rain Alert
WEA-00535,FM018,2025-07-12,27.3,88.5,118.8,High,Heavy Rain Alert
WEA-00536,FM030,2025-06-01,31.8,64.6,112.0,High,Heavy Rain Alert
WEA-00537,FM058,2025-11-19,30.9,90.3,60.5,High,Heavy Rain Alert
WEA-00538,FM057,2025-09-07,24.2,76.9,69.3,Medium,None
WEA-00539,FM073,2025-12-19,33.3,86.7,109.1,High,Heavy Rain Alert
WEA-00540,FM036,2025-11-16,33.6,74.1,142.1,High,Heavy Rain Alert
WEA-00541,FM051,2025-04-23,25.3,85.7,91.5,High,Heavy Rain Alert
WEA-00542,FM097,2025-05-02,33.0,94.6,17.6,High,Heavy Rain Alert
WEA-00543,FM088,2025-02-15,26.8,82.3,9.7,Medium,None
WEA-00544,FM078,2025-07-19,22.0,85.8,58.4,High,Heavy Rain Alert
WEA-00545,FM065,2025-10-02,25.3,76.3,2.9,Medium,None
WEA-00546,FM010,2025-09-22,32.7,85.0,66.9,Medium,None
WEA-00547,FM048,2025-06-02,26.4,82.5,101.4,High,Heavy Rain Alert
WEA-00548,FM027,2025-02-01,32.5,63.2,107.7,High,Heavy Rain Alert
WEA-00549,FM001,2025-04-15,28.7,64.9,91.9,Medium,None
WEA-00550,FM097,2025-01-15,33.1,63.8,40.7,Low,None
WEA-00551,FM028,2025-08-14,25.8,82.6,123.4,High,Heavy Rain Alert
WEA-00552,FM007,2025-06-24,34.4,90.7,111.3,High,Heavy Rain Alert
WEA-00553,FM004,2025-05-17,30.2,69.5,118.2,High,Heavy Rain Alert
WEA-00554,FM040,2025-09-07,28.6,87.7,51.9,High,Heavy Rain Alert
WEA-00555,FM001,2025-08-19,27.8,75.1,29.3,Medium,None
WEA-00556,FM077,2025-08-18,23.5,84.7,40.3,Medium,None
WEA-00557,FM094,2025-08-14,34.1,71.1,47.7,Low,None
WEA-00558,FM055,2025-12-02,33.3,82.3,136.5,High,Heavy Rain Alert
WEA-00559,FM029,2025-06-09,30.8,91.7,30.6,High,Heavy Rain Alert
WEA-00560,FM050,2025-01-09,30.3,92.7,110.7,High,Heavy Rain Alert
WEA-00561,FM015,2025-05-16,24.8,88.6,118.8,High,Heavy Rain Alert
WEA-00562,FM059,2025-09-03,34.4,86.4,134.6,High,Heavy Rain Alert
WEA-00563,FM014,2025-09-11,32.8,73.8,55.8,Medium,None
WEA-00564,FM036,2025-08-05,29.6,80.9,34.1,Medium,None
WEA-00565,FM073,2025-01-13,29.4,82.0,110.3,High,Heavy Rain Alert
WEA-00566,FM072,2025-02-03,29.8,93.0,123.4,High,Heavy Rain Alert
WEA-00567,FM032,2025-03-18,34.6,76.7,70.1,Medium,None
WEA-00568,FM033,2025-05-23,32.1,76.2,96.4,Medium,None
WEA-00569,FM068,2025-08-27,26.4,68.0,105.3,High,Heavy Rain Alert
WEA-00570,FM094,2025-02-20,28.9,69.6,47.9,Low,None
WEA-00571,FM089,2025-02-26,26.7,71.9,59.5,Medium,None
WEA-00572,FM084,2025-02-12,31.2,63.1,38.1,Low,None
WEA-00573,FM027,2025-04-26,32.4,75.9,75.2,Medium,None
WEA-00574,FM087,2025-09-17,26.0,64.6,56.6,Medium,None
WEA-00575,FM012,2025-02-04,31.5,87.0,78.6,High,Heavy Rain Alert
WEA-00576,FM045,2025-07-05,34.8,86.6,53.8,High,Heavy Rain Alert
WEA-00577,FM070,2025-07-11,30.2,87.5,61.9,High,Heavy Rain Alert
WEA-00578,FM054,2025-06-12,34.7,73.9,33.4,Low,None
WEA-00579,FM003,2025-03-13,24.0,68.8,29.4,Low,None
WEA-00580,FM050,2025-05-12,28.2,91.5,37.9,High,Heavy Rain Alert
WEA-00581,FM072,2025-03-28,23.8,65.1,107.6,High,Heavy Rain Alert
WEA-00582,FM034,2025-03-06,25.6,74.2,137.0,High,Heavy Rain Alert
WEA-00583,FM034,2025-08-04,34.6,70.7,117.2,High,Heavy Rain Alert
WEA-00584,FM019,2025-07-20,33.7,79.5,0.4,Medium,None
WEA-00585,FM043,2025-09-28,29.4,94.5,55.6,High,Heavy Rain Alert
WEA-00586,FM086,2025-07-04,32.7,88.7,69.1,High,Heavy Rain Alert
WEA-00587,FM034,2025-01-18,31.2,90.6,108.0,High,Heavy Rain Alert
WEA-00588,FM058,2025-08-11,22.6,80.2,49.7,Medium,None
WEA-00589,FM016,2025-09-28,28.5,66.8,51.3,Medium,None
WEA-00590,FM096,2025-09-12,34.1,63.1,118.5,High,Heavy Rain Alert
WEA-00591,FM064,2025-06-09,23.7,70.9,73.5,Medium,None
WEA-00592,FM033,2025-03-24,26.6,75.7,21.6,Medium,None
WEA-00593,FM028,2025-12-13,31.4,91.5,28.4,High,Heavy Rain Alert
WEA-00594,FM026,2025-08-20,32.8,73.3,73.5,Medium,None
WEA-00595,FM021,2025-10-08,32.7,94.2,84.9,High,Heavy Rain Alert
WEA-00596,FM035,2025-09-28,22.1,87.1,70.9,High,Heavy Rain Alert
WEA-00597,FM070,2025-02-28,31.2,62.1,34.2,Low,None
WEA-00598,FM048,2025-02-27,30.3,75.7,64.9,Medium,None
WEA-00599,FM086,2025-07-11,29.9,65.7,147.4,High,Heavy Rain Alert
WEA-00600,FM073,2025-10-02,27.7,68.3,33.8,Low,None
WEA-00601,FM042,2025-02-23,32.3,82.2,132.2,High,Heavy Rain Alert
WEA-00602,FM054,2025-08-13,23.5,83.8,76.2,Medium,None
WEA-00603,FM081,2025-12-26,31.2,79.4,54.4,Medium,None
WEA-00604,FM038,2025-08-23,29.1,63.0,78.0,Medium,None
WEA-00605,FM028,2025-08-22,31.9,83.8,120.3,High,Heavy Rain Alert
WEA-00606,FM058,2025-01-22,33.3,64.7,129.2,High,Heavy Rain Alert
WEA-00607,FM019,2025-05-15,26.8,83.3,103.7,High,Heavy Rain Alert
WEA-00608,FM040,2025-12-20,25.9,93.8,80.9,High,Heavy Rain Alert
WEA-00609,FM064,2025-12-01,22.9,85.0,29.2,Medium,None
WEA-00610,FM063,2025-09-10,31.7,63.3,22.0,Low,None
WEA-00611,FM067,2025-11-10,25.2,81.7,120.2,High,Heavy Rain Alert
WEA-00612,FM041,2025-02-11,24.6,77.3,144.8,High,Heavy Rain Alert
WEA-00613,FM076,2025-11-27,33.2,73.8,97.4,Medium,None
WEA-00614,FM079,2025-06-27,32.2,60.9,81.8,Medium,None
WEA-00615,FM055,2025-05-22,30.5,86.8,35.3,High,Heavy Rain Alert
WEA-00616,FM015,2025-05-08,31.5,94.3,110.7,High,Heavy Rain Alert
WEA-00617,FM032,2025-05-02,29.2,71.9,90.7,Medium,None
WEA-00618,FM086,2025-08-15,30.8,75.9,112.1,High,Heavy Rain Alert
WEA-00619,FM033,2025-09-02,30.5,82.6,17.2,Medium,None
WEA-00620,FM043,2025-11-04,28.4,81.6,115.7,High,Heavy Rain Alert
WEA-00621,FM075,2025-11-08,30.4,60.8,118.4,High,Heavy Rain Alert
WEA-00622,FM089,2025-09-07,24.1,85.8,96.0,High,Heavy Rain Alert
WEA-00623,FM091,2025-12-28,25.2,69.1,34.5,Low,None
WEA-00624,FM020,2025-11-27,24.5,93.3,94.5,High,Heavy Rain Alert
WEA-00625,FM057,2025-04-18,24.2,73.4,84.2,Medium,None
WEA-00626,FM077,2025-10-14,33.8,79.1,4.2,Medium,None
WEA-00627,FM067,2025-06-15,23.8,64.0,52.8,Medium,None
WEA-00628,FM024,2025-08-10,23.4,69.9,125.9,High,Heavy Rain Alert
WEA-00629,FM020,2025-03-14,27.7,84.8,110.9,High,Heavy Rain Alert
WEA-00630,FM039,2025-01-09,31.7,63.2,66.6,Medium,None
WEA-00631,FM060,2025-01-17,24.9,90.6,50.9,High,Heavy Rain Alert
WEA-00632,FM091,2025-08-23,27.8,65.4,9.8,Low,None
WEA-00633,FM075,2025-03-02,31.0,84.9,129.6,High,Heavy Rain Alert
WEA-00634,FM020,2025-05-12,27.6,87.0,66.0,High,Heavy Rain Alert
WEA-00635,FM054,2025-02-19,25.7,62.8,140.6,High,Heavy Rain Alert
WEA-00636,FM013,2025-09-11,27.0,94.7,100.5,High,Heavy Rain Alert
WEA-00637,FM072,2025-08-09,33.7,69.6,109.6,High,Heavy Rain Alert
WEA-00638,FM069,2025-02-05,30.8,87.9,88.7,High,Heavy Rain Alert
WEA-00639,FM004,2025-07-19,34.8,68.8,38.7,Low,None
WEA-00640,FM083,2025-08-13,25.1,62.3,0.9,Low,None
WEA-00641,FM073,2025-08-05,26.7,62.7,11.3,Low,None
WEA-00642,FM050,2025-06-18,25.2,79.0,45.8,Medium,None
WEA-00643,FM014,2025-06-25,23.1,83.0,93.8,Medium,None
WEA-00644,FM039,2025-02-21,31.1,66.1,39.3,Low,None
WEA-00645,FM046,2025-06-25,33.1,84.4,25.2,Medium,None
WEA-00646,FM093,2025-01-18,28.6,81.1,129.6,High,Heavy Rain Alert
WEA-00647,FM001,2025-06-17,34.8,66.5,137.2,High,Heavy Rain Alert
WEA-00648,FM064,2025-12-20,23.9,68.6,131.1,High,Heavy Rain Alert
WEA-00649,FM036,2025-01-24,31.4,70.7,124.5,High,Heavy Rain Alert
WEA-00650,FM077,2025-10-03,29.2,66.4,1.8,Low,None
WEA-00651,FM001,2025-12-08,27.1,70.9,83.6,Medium,None
WEA-00652,FM078,2025-07-07,24.5,86.7,134.0,High,Heavy Rain Alert
WEA-00653,FM068,2025-08-01,26.0,88.9,98.4,High,Heavy Rain Alert
WEA-00654,FM061,2025-09-19,32.2,89.9,16.0,High,Heavy Rain Alert
WEA-00655,FM088,2025-05-01,24.5,61.2,82.3,Medium,None
WEA-00656,FM075,2025-07-18,23.4,61.0,7.3,Low,None
WEA-00657,FM019,2025-05-16,23.2,85.2,79.0,High,Heavy Rain Alert
WEA-00658,FM096,2025-05-23,22.7,75.5,108.5,High,Heavy Rain Alert
WEA-00659,FM025,2025-01-19,22.4,78.6,143.7,High,Heavy Rain Alert
WEA-00660,FM015,2025-07-25,34.1,75.9,11.2,Medium,None
WEA-00661,FM068,2025-05-21,32.6,62.9,107.7,High,Heavy Rain Alert
WEA-00662,FM019,2025-04-27,27.6,82.3,92.2,Medium,None
WEA-00663,FM006,2025-03-28,23.0,89.8,68.2,High,Heavy Rain Alert
WEA-00664,FM045,2025-02-22,31.8,74.5,15.4,Low,None
WEA-00665,FM080,2025-03-08,31.3,65.8,26.0,Low,None
WEA-00666,FM032,2025-06-17,26.3,79.9,7.8,Medium,None
WEA-00667,FM003,2025-12-13,29.8,87.9,87.7,High,Heavy Rain Alert
WEA-00668,FM052,2025-03-08,27.2,89.5,97.4,High,Heavy Rain Alert
WEA-00669,FM045,2025-07-01,32.6,73.1,30.0,Low,None
WEA-00670,FM026,2025-12-14,33.8,60.6,101.5,High,Heavy Rain Alert
WEA-00671,FM064,2025-04-17,31.7,63.3,43.5,Low,None
WEA-00672,FM088,2025-11-28,33.0,82.6,123.2,High,Heavy Rain Alert
WEA-00673,FM020,2025-09-26,25.0,85.1,29.9,High,Heavy Rain Alert
WEA-00674,FM058,2025-07-28,26.6,77.6,63.1,Medium,None
WEA-00675,FM028,2025-04-13,26.7,73.2,138.1,High,Heavy Rain Alert
WEA-00676,FM004,2025-12-07,34.7,76.7,136.3,High,Heavy Rain Alert
WEA-00677,FM020,2025-04-08,29.0,70.8,81.7,Medium,None
WEA-00678,FM072,2025-05-17,33.3,70.8,110.5,High,Heavy Rain Alert
WEA-00679,FM072,2025-03-03,32.0,87.6,91.5,High,Heavy Rain Alert
WEA-00680,FM073,2025-02-12,22.6,78.4,11.7,Medium,None
WEA-00681,FM043,2025-10-13,23.5,87.5,76.1,High,Heavy Rain Alert
WEA-00682,FM012,2025-08-11,23.9,92.6,70.4,High,Heavy Rain Alert
WEA-00683,FM032,2025-04-10,23.4,80.3,32.3,Medium,None
WEA-00684,FM034,2025-08-28,28.7,93.7,134.0,High,Heavy Rain Alert
WEA-00685,FM091,2025-08-18,31.5,63.9,17.7,Low,None
WEA-00686,FM068,2025-12-05,23.7,62.8,9.4,Low,None
WEA-00687,FM059,2025-11-24,33.8,67.0,13.6,Low,None
WEA-00688,FM050,2025-11-15,23.7,93.1,27.8,High,Heavy Rain Alert
WEA-00689,FM017,2025-10-09,33.9,92.5,10.0,High,Heavy Rain Alert
WEA-00690,FM051,2025-06-08,22.4,92.3,116.5,High,Heavy Rain Alert
WEA-00691,FM042,2025-02-28,26.1,60.8,39.5,Low,None
WEA-00692,FM010,2025-09-10,28.5,69.0,7.2,Low,None
WEA-00693,FM016,2025-10-19,30.3,83.0,108.3,High,Heavy Rain Alert
WEA-00694,FM079,2025-08-13,33.3,68.6,138.7,High,Heavy Rain Alert
WEA-00695,FM040,2025-12-16,30.6,84.2,126.3,High,Heavy Rain Alert
WEA-00696,FM042,2025-06-08,34.0,83.0,2.6,Medium,None
WEA-00697,FM094,2025-04-16,25.8,94.9,123.3,High,Heavy Rain Alert
WEA-00698,FM081,2025-06-13,31.2,94.0,7.2,High,Heavy Rain Alert
WEA-00699,FM061,2025-02-16,30.7,79.0,63.3,Medium,None
WEA-00700,FM069,2025-04-27,33.7,62.2,72.7,Medium,None
WEA-00701,FM086,2025-03-17,23.5,81.7,4.0,Medium,None
WEA-00702,FM055,2025-12-09,23.4,80.4,56.0,Medium,None
WEA-00703,FM029,2025-12-15,22.4,67.1,118.0,High,Heavy Rain Alert
WEA-00704,FM040,2025-11-13,32.5,89.2,140.8,High,Heavy Rain Alert
WEA-00705,FM078,2025-06-07,34.2,78.6,96.4,Medium,None
WEA-00706,FM039,2025-10-28,32.4,69.7,91.2,Medium,None
WEA-00707,FM097,2025-07-01,31.3,72.9,24.5,Low,None
WEA-00708,FM088,2025-05-10,27.3,94.8,118.3,High,Heavy Rain Alert
WEA-00709,FM029,2025-06-19,29.5,75.4,63.5,Medium,None
WEA-00710,FM042,2025-12-08,28.0,70.4,88.1,Medium,None
WEA-00711,FM097,2025-10-01,22.3,84.2,40.2,Medium,None
WEA-00712,FM077,2025-07-19,28.8,70.2,18.3,Low,None
WEA-00713,FM080,2025-02-07,34.7,65.0,103.2,High,Heavy Rain Alert
WEA-00714,FM092,2025-02-27,26.2,79.1,2.3,Medium,None
WEA-00715,FM039,2025-12-10,29.7,82.6,104.8,High,Heavy Rain Alert
WEA-00716,FM061,2025-11-20,22.9,90.3,39.6,High,Heavy Rain Alert
WEA-00717,FM093,2025-04-08,24.8,67.5,62.0,Medium,None
WEA-00718,FM093,2025-05-03,23.8,93.2,46.5,High,Heavy Rain Alert
WEA-00719,FM039,2025-04-24,30.2,83.9,84.8,Medium,None
WEA-00720,FM021,2025-02-12,25.6,71.8,126.2,High,Heavy Rain Alert
WEA-00721,FM063,2025-05-19,26.8,90.4,91.1,High,Heavy Rain Alert
WEA-00722,FM017,2025-11-16,30.3,81.4,34.0,Medium,None
WEA-00723,FM005,2025-08-06,25.0,92.9,105.6,High,Heavy Rain Alert
WEA-00724,FM005,2025-08-22,28.9,64.4,23.4,Low,None
WEA-00725,FM088,2025-09-05,34.1,76.8,144.1,High,Heavy Rain Alert
WEA-00726,FM056,2025-09-02,31.9,93.3,47.9,High,Heavy Rain Alert
WEA-00727,FM072,2025-12-14,33.4,62.5,20.6,Low,None
WEA-00728,FM071,2025-03-11,30.9,76.9,51.1,Medium,None
WEA-00729,FM048,2025-02-05,30.8,67.4,58.4,Medium,None
WEA-00730,FM078,2025-04-21,24.0,93.8,117.3,High,Heavy Rain Alert
WEA-00731,FM028,2025-09-25,25.2,62.4,74.3,Medium,None
WEA-00732,FM067,2025-06-04,28.6,78.2,106.2,High,Heavy Rain Alert
WEA-00733,FM030,2025-09-02,30.2,86.3,94.2,High,Heavy Rain Alert
WEA-00734,FM051,2025-11-12,30.4,93.1,116.8,High,Heavy Rain Alert
WEA-00735,FM095,2025-06-23,33.4,79.6,120.0,High,Heavy Rain Alert
WEA-00736,FM035,2025-11-19,31.1,62.7,133.0,High,Heavy Rain Alert
WEA-00737,FM079,2025-03-14,26.8,65.0,142.5,High,Heavy Rain Alert
WEA-00738,FM050,2025-08-01,33.8,85.4,26.4,High,Heavy Rain Alert
WEA-00739,FM054,2025-06-09,27.4,91.1,110.3,High,Heavy Rain Alert
WEA-00740,FM014,2025-12-21,33.6,69.6,144.3,High,Heavy Rain Alert
WEA-00741,FM062,2025-11-14,33.4,93.1,149.3,High,Heavy Rain Alert
WEA-00742,FM004,2025-05-22,26.4,94.0,138.6,High,Heavy Rain Alert
WEA-00743,FM016,2025-02-23,25.4,89.0,91.0,High,Heavy Rain Alert
WEA-00744,FM007,2025-01-18,22.2,79.4,66.4,Medium,None
WEA-00745,FM029,2025-11-04,26.9,73.4,88.3,Medium,None
WEA-00746,FM011,2025-10-14,27.7,64.1,22.6,Low,None
WEA-00747,FM032,2025-12-17,29.2,82.2,53.5,Medium,None
WEA-00748,FM057,2025-12-15,26.6,69.3,5.0,Low,None
WEA-00749,FM061,2025-04-23,32.1,89.9,113.0,High,Heavy Rain Alert
WEA-00750,FM007,2025-06-09,26.3,86.2,50.4,High,Heavy Rain Alert
WEA-00751,FM065,2025-06-14,25.2,84.0,60.7,Medium,None
WEA-00752,FM094,2025-10-01,26.7,62.4,122.7,High,Heavy Rain Alert
WEA-00753,FM078,2025-10-09,23.2,63.2,121.9,High,Heavy Rain Alert
WEA-00754,FM066,2025-11-06,33.3,68.6,100.1,High,Heavy Rain Alert
WEA-00755,FM056,2025-10-18,33.6,70.1,9.6,Low,None
WEA-00756,FM097,2025-10-11,29.8,94.1,58.9,High,Heavy Rain Alert
WEA-00757,FM022,2025-07-08,31.2,93.8,143.6,High,Heavy Rain Alert
WEA-00758,FM068,2025-04-22,23.9,66.5,2.1,Low,None
WEA-00759,FM021,2025-05-25,24.5,88.3,65.9,High,Heavy Rain Alert
WEA-00760,FM074,2025-05-15,22.0,93.8,71.5,High,Heavy Rain Alert
WEA-00761,FM013,2025-09-04,26.9,89.3,67.1,High,Heavy Rain Alert
WEA-00762,FM054,2025-08-10,27.0,61.6,59.9,Medium,None
WEA-00763,FM087,2025-06-01,22.4,85.0,87.0,Medium,None
WEA-00764,FM016,2025-03-07,31.4,65.0,111.1,High,Heavy Rain Alert
WEA-00765,FM040,2025-02-05,23.4,65.2,136.8,High,Heavy Rain Alert
WEA-00766,FM064,2025-07-27,29.9,84.1,79.2,Medium,None
WEA-00767,FM044,2025-04-26,27.9,61.5,57.2,Medium,None
WEA-00768,FM047,2025-04-22,31.6,76.3,66.7,Medium,None
WEA-00769,FM065,2025-09-10,29.2,80.3,100.4,High,Heavy Rain Alert
WEA-00770,FM070,2025-12-01,32.2,64.6,142.3,High,Heavy Rain Alert
WEA-00771,FM001,2025-05-12,25.3,61.7,115.6,High,Heavy Rain Alert
WEA-00772,FM023,2025-02-07,29.2,67.2,89.8,Medium,None
WEA-00773,FM013,2025-01-23,32.9,70.0,43.7,Low,None
WEA-00774,FM016,2025-10-08,29.1,81.1,61.6,Medium,None
WEA-00775,FM035,2025-04-27,33.3,90.7,119.9,High,Heavy Rain Alert
WEA-00776,FM056,2025-02-09,22.8,78.9,147.7,High,Heavy Rain Alert
WEA-00777,FM013,2025-10-06,31.8,76.5,45.5,Medium,None
WEA-00778,FM044,2025-01-07,25.3,86.8,147.0,High,Heavy Rain Alert
WEA-00779,FM041,2025-04-14,22.9,64.7,33.3,Low,None
WEA-00780,FM093,2025-05-07,22.4,81.7,49.3,Medium,None
WEA-00781,FM027,2025-02-09,28.6,71.9,141.4,High,Heavy Rain Alert
WEA-00782,FM030,2025-05-22,31.3,78.1,70.5,Medium,None
WEA-00783,FM043,2025-12-22,31.3,68.3,149.3,High,Heavy Rain Alert
WEA-00784,FM069,2025-03-28,27.7,68.9,138.2,High,Heavy Rain Alert
WEA-00785,FM075,2025-04-11,26.1,76.1,102.5,High,Heavy Rain Alert
WEA-00786,FM003,2025-09-05,26.7,83.7,8.1,Medium,None
WEA-00787,FM055,2025-09-23,29.3,73.9,96.0,Medium,None
WEA-00788,FM046,2025-05-21,24.0,78.2,73.1,Medium,None
WEA-00789,FM034,2025-09-13,24.6,61.2,54.4,Medium,None
WEA-00790,FM089,2025-06-04,24.1,87.2,78.1,High,Heavy Rain Alert
WEA-00791,FM024,2025-07-27,27.8,86.2,103.2,High,Heavy Rain Alert
WEA-00792,FM022,2025-05-04,30.0,75.3,50.9,Medium,None
WEA-00793,FM020,2025-08-09,24.7,78.2,35.5,Medium,None
WEA-00794,FM008,2025-10-15,25.0,67.0,149.3,High,Heavy Rain Alert
WEA-00795,FM043,2025-04-19,25.5,64.4,109.6,High,Heavy Rain Alert
WEA-00796,FM005,2025-11-21,31.5,75.8,25.0,Medium,None
WEA-00797,FM033,2025-10-19,24.5,81.9,67.8,Medium,None
WEA-00798,FM029,2025-11-12,23.9,84.3,55.6,Medium,None
WEA-00799,FM087,2025-11-19,32.3,81.7,137.1,High,Heavy Rain Alert
WEA-00800,FM065,2025-12-28,33.4,85.8,145.3,High,Heavy Rain Alert
WEA-00801,FM091,2025-01-21,22.3,92.5,80.2,High,Heavy Rain Alert
WEA-00802,FM023,2025-09-26,29.7,67.4,110.7,High,Heavy Rain Alert
WEA-00803,FM055,2025-04-17,31.5,83.1,36.9,Medium,None
WEA-00804,FM002,2025-09-20,25.8,67.7,27.0,Low,None
WEA-00805,FM052,2025-12-07,31.6,64.3,72.7,Medium,None
WEA-00806,FM060,2025-12-19,29.6,80.4,130.2,High,Heavy Rain Alert
WEA-00807,FM071,2025-02-17,34.8,82.2,55.2,Medium,None
WEA-00808,FM032,2025-09-02,22.1,92.0,17.0,High,Heavy Rain Alert
WEA-00809,FM039,2025-09-19,24.3,93.0,13.7,High,Heavy Rain Alert
WEA-00810,FM062,2025-09-08,29.0,81.4,65.8,Medium,None
WEA-00811,FM064,2025-06-15,30.3,66.1,23.4,Low,None
WEA-00812,FM038,2025-06-24,32.5,68.7,18.4,Low,None
WEA-00813,FM059,2025-02-16,34.1,83.7,65.5,Medium,None
WEA-00814,FM088,2025-06-05,23.8,94.3,16.6,High,Heavy Rain Alert
WEA-00815,FM082,2025-01-25,26.2,78.8,44.6,Medium,None
WEA-00816,FM002,2025-03-19,33.0,90.3,38.5,High,Heavy Rain Alert
WEA-00817,FM042,2025-03-04,31.3,76.2,102.8,High,Heavy Rain Alert
WEA-00818,FM054,2025-05-18,31.4,83.1,86.0,Medium,None
WEA-00819,FM020,2025-09-02,34.7,67.2,128.1,High,Heavy Rain Alert
WEA-00820,FM030,2025-03-25,29.2,74.9,14.2,Low,None
WEA-00821,FM016,2025-03-01,34.1,73.8,106.4,High,Heavy Rain Alert
WEA-00822,FM023,2025-11-14,23.8,81.1,24.7,Medium,None
WEA-00823,FM062,2025-11-05,26.4,72.1,126.7,High,Heavy Rain Alert
WEA-00824,FM023,2025-05-21,34.9,61.8,95.5,Medium,None
WEA-00825,FM093,2025-10-06,35.0,72.0,112.8,High,Heavy Rain Alert
WEA-00826,FM070,2025-05-19,27.6,75.2,30.1,Medium,None
WEA-00827,FM080,2025-09-12,28.2,83.0,21.7,Medium,None
WEA-00828,FM023,2025-08-01,24.3,64.6,106.4,High,Heavy Rain Alert
WEA-00829,FM060,2025-05-11,24.8,93.4,54.8,High,Heavy Rain Alert
WEA-00830,FM059,2025-05-20,29.5,66.0,98.2,Medium,None
WEA-00831,FM090,2025-08-05,31.1,75.3,0.8,Medium,None
WEA-00832,FM052,2025-04-05,24.8,62.8,101.3,High,Heavy Rain Alert
WEA-00833,FM028,2025-09-08,33.8,80.0,126.5,High,Heavy Rain Alert
WEA-00834,FM029,2025-09-27,28.9,79.7,62.2,Medium,None
WEA-00835,FM089,2025-05-13,34.9,63.2,131.5,High,Heavy Rain Alert
WEA-00836,FM038,2025-04-03,33.9,87.6,35.0,High,Heavy Rain Alert
WEA-00837,FM004,2025-03-04,24.5,93.8,54.8,High,Heavy Rain Alert
WEA-00838,FM065,2025-02-06,30.3,69.3,133.6,High,Heavy Rain Alert
WEA-00839,FM094,2025-07-22,31.1,80.6,73.0,Medium,None
WEA-00840,FM099,2025-04-16,32.4,61.7,28.6,Low,None
WEA-00841,FM009,2025-12-08,29.1,79.5,38.3,Medium,None
WEA-00842,FM078,2025-09-04,22.4,81.7,38.3,Medium,None
WEA-00843,FM037,2025-02-02,28.3,80.8,65.5,Medium,None
WEA-00844,FM003,2025-11-08,32.9,86.7,5.9,High,Heavy Rain Alert
WEA-00845,FM065,2025-08-23,24.1,84.2,80.2,Medium,None
WEA-00846,FM083,2025-12-24,23.4,68.5,75.1,Medium,None
WEA-00847,FM015,2025-01-26,23.0,67.5,20.4,Low,None
WEA-00848,FM003,2025-01-11,27.7,82.8,143.7,High,Heavy Rain Alert
WEA-00849,FM038,2025-04-23,30.7,69.7,58.2,Medium,None
WEA-00850,FM081,2025-09-13,28.4,90.0,136.8,High,Heavy Rain Alert
WEA-00851,FM096,2025-03-23,32.3,93.6,48.1,High,Heavy Rain Alert
WEA-00852,FM096,2025-02-14,31.2,89.9,138.9,High,Heavy Rain Alert
WEA-00853,FM045,2025-11-27,31.9,90.4,104.4,High,Heavy Rain Alert
WEA-00854,FM078,2025-11-19,34.6,81.1,61.3,Medium,None
WEA-00855,FM100,2025-01-10,24.6,85.3,74.6,High,Heavy Rain Alert
WEA-00856,FM074,2025-01-15,29.1,89.8,48.0,High,Heavy Rain Alert
WEA-00857,FM064,2025-07-15,26.8,88.2,46.5,High,Heavy Rain Alert
WEA-00858,FM090,2025-08-06,32.0,63.2,76.4,Medium,None
WEA-00859,FM073,2025-11-20,29.7,71.2,148.1,High,Heavy Rain Alert
WEA-00860,FM051,2025-12-27,33.5,85.3,133.6,High,Heavy Rain Alert
WEA-00861,FM081,2025-09-10,23.5,62.8,132.8,High,Heavy Rain Alert
WEA-00862,FM015,2025-04-28,30.3,93.9,10.2,High,Heavy Rain Alert
WEA-00863,FM096,2025-06-25,32.2,70.1,129.2,High,Heavy Rain Alert
WEA-00864,FM065,2025-12-17,31.7,78.0,134.4,High,Heavy Rain Alert
WEA-00865,FM086,2025-11-06,29.0,60.8,86.4,Medium,None
WEA-00866,FM084,2025-04-15,27.7,81.6,4.7,Medium,None
WEA-00867,FM021,2025-01-28,34.4,81.9,41.0,Medium,None
WEA-00868,FM074,2025-06-05,28.4,74.1,18.4,Low,None
WEA-00869,FM009,2025-10-27,25.6,68.0,39.8,Low,None
WEA-00870,FM090,2025-12-02,29.9,72.9,31.2,Low,None
WEA-00871,FM061,2025-03-08,24.4,75.9,59.7,Medium,None
WEA-00872,FM064,2025-09-01,34.5,74.1,93.2,Medium,None
WEA-00873,FM018,2025-07-14,25.8,92.9,74.5,High,Heavy Rain Alert
WEA-00874,FM004,2025-07-10,24.6,89.8,38.2,High,Heavy Rain Alert
WEA-00875,FM029,2025-10-26,30.6,77.2,21.6,Medium,None
WEA-00876,FM009,2025-06-26,25.4,69.8,33.1,Low,None
WEA-00877,FM048,2025-11-02,22.4,68.7,62.3,Medium,None
WEA-00878,FM023,2025-10-26,24.8,94.6,108.0,High,Heavy Rain Alert
WEA-00879,FM052,2025-05-11,24.1,77.0,145.5,High,Heavy Rain Alert
WEA-00880,FM086,2025-01-28,22.5,69.5,30.6,Low,None
WEA-00881,FM073,2025-11-05,22.5,76.0,58.4,Medium,None
WEA-00882,FM009,2025-05-08,30.4,80.0,75.0,Medium,None
WEA-00883,FM023,2025-08-17,31.4,71.0,146.2,High,Heavy Rain Alert
WEA-00884,FM015,2025-09-13,24.8,92.2,142.7,High,Heavy Rain Alert
WEA-00885,FM083,2025-08-12,34.8,74.8,98.9,Medium,None
WEA-00886,FM094,2025-12-06,30.0,81.0,86.0,Medium,None
WEA-00887,FM056,2025-12-02,31.3,90.0,134.5,High,Heavy Rain Alert
WEA-00888,FM018,2025-10-05,29.8,91.5,56.5,High,Heavy Rain Alert
WEA-00889,FM082,2025-10-11,28.9,83.4,1.4,Medium,None
WEA-00890,FM062,2025-09-16,25.6,85.2,144.0,High,Heavy Rain Alert
WEA-00891,FM044,2025-11-18,34.9,85.7,127.1,High,Heavy Rain Alert
WEA-00892,FM028,2025-12-04,24.7,67.5,78.2,Medium,None
WEA-00893,FM031,2025-10-09,31.9,87.1,20.3,High,Heavy Rain Alert
WEA-00894,FM035,2025-06-15,29.5,65.1,119.6,High,Heavy Rain Alert
WEA-00895,FM055,2025-03-01,25.7,87.8,67.2,High,Heavy Rain Alert
WEA-00896,FM007,2025-11-21,25.6,66.3,64.3,Medium,None
WEA-00897,FM085,2025-09-19,33.8,73.7,42.8,Low,None
WEA-00898,FM059,2025-10-22,28.5,76.0,136.8,High,Heavy Rain Alert
WEA-00899,FM085,2025-01-19,33.7,72.8,118.4,High,Heavy Rain Alert
WEA-00900,FM086,2025-07-22,26.0,69.6,95.6,Medium,None
WEA-00901,FM100,2025-04-01,29.6,71.5,119.4,High,Heavy Rain Alert
WEA-00902,FM073,2025-10-12,28.0,60.8,117.0,High,Heavy Rain Alert
WEA-00903,FM076,2025-03-21,23.3,78.8,132.4,High,Heavy Rain Alert
WEA-00904,FM078,2025-07-18,30.7,86.6,28.0,High,Heavy Rain Alert
WEA-00905,FM013,2025-03-09,32.9,60.4,137.9,High,Heavy Rain Alert
WEA-00906,FM009,2025-11-10,22.7,67.9,91.6,Medium,None
WEA-00907,FM046,2025-05-15,33.7,89.2,33.1,High,Heavy Rain Alert
WEA-00908,FM033,2025-06-05,34.6,88.7,33.4,High,Heavy Rain Alert
WEA-00909,FM100,2025-02-10,32.3,66.7,102.8,High,Heavy Rain Alert
WEA-00910,FM100,2025-07-09,23.0,73.1,149.1,High,Heavy Rain Alert
WEA-00911,FM097,2025-01-02,31.0,74.1,135.3,High,Heavy Rain Alert
WEA-00912,FM004,2025-03-24,33.8,77.4,37.2,Medium,None
WEA-00913,FM042,2025-06-21,22.3,71.6,32.7,Low,None
WEA-00914,FM008,2025-12-20,28.9,84.6,19.1,Medium,None
WEA-00915,FM062,2025-06-02,27.3,68.0,93.2,Medium,None
WEA-00916,FM022,2025-03-13,33.8,89.4,72.7,High,Heavy Rain Alert
WEA-00917,FM080,2025-05-07,22.7,89.1,15.4,High,Heavy Rain Alert
WEA-00918,FM026,2025-04-23,33.5,87.2,128.0,High,Heavy Rain Alert
WEA-00919,FM089,2025-06-08,25.1,84.7,68.1,Medium,None
WEA-00920,FM096,2025-06-14,25.5,77.7,10.1,Medium,None
WEA-00921,FM011,2025-07-13,30.5,60.5,88.0,Medium,None
WEA-00922,FM061,2025-08-20,23.4,75.3,75.4,Medium,None
WEA-00923,FM038,2025-11-12,30.4,60.6,83.2,Medium,None
WEA-00924,FM052,2025-08-15,29.9,87.3,37.7,High,Heavy Rain Alert
WEA-00925,FM037,2025-01-24,30.0,69.3,68.9,Medium,None
WEA-00926,FM085,2025-10-25,23.6,76.4,22.3,Medium,None
WEA-00927,FM039,2025-02-13,30.8,75.6,36.6,Medium,None
WEA-00928,FM026,2025-12-02,33.2,91.3,66.7,High,Heavy Rain Alert
WEA-00929,FM085,2025-08-09,22.2,64.5,14.4,Low,None
WEA-00930,FM066,2025-11-05,23.6,76.4,42.8,Medium,None
WEA-00931,FM046,2025-12-07,27.9,90.6,73.6,High,Heavy Rain Alert
WEA-00932,FM044,2025-09-10,30.3,87.2,39.6,High,Heavy Rain Alert
WEA-00933,FM096,2025-02-02,30.2,82.2,62.7,Medium,None
WEA-00934,FM049,2025-01-26,31.7,86.1,79.0,High,Heavy Rain Alert
WEA-00935,FM065,2025-05-20,25.9,63.2,108.0,High,Heavy Rain Alert
WEA-00936,FM024,2025-05-11,27.7,64.9,126.9,High,Heavy Rain Alert
WEA-00937,FM025,2025-07-18,29.4,73.2,24.6,Low,None
WEA-00938,FM050,2025-06-28,27.2,84.3,105.9,High,Heavy Rain Alert
WEA-00939,FM030,2025-08-23,29.1,72.3,2.3,Low,None
WEA-00940,FM005,2025-10-19,32.4,91.1,31.0,High,Heavy Rain Alert
WEA-00941,FM024,2025-12-06,24.8,80.2,124.8,High,Heavy Rain Alert
WEA-00942,FM054,2025-10-17,28.9,89.1,1.8,High,Heavy Rain Alert
WEA-00943,FM047,2025-03-22,22.8,78.9,26.2,Medium,None
WEA-00944,FM051,2025-05-09,25.5,69.9,42.4,Low,None
WEA-00945,FM030,2025-07-21,33.6,78.1,13.7,Medium,None
WEA-00946,FM024,2025-05-06,24.7,79.4,133.0,High,Heavy Rain Alert
WEA-00947,FM029,2025-09-21,28.5,70.5,75.0,Medium,None
WEA-00948,FM099,2025-07-25,32.2,60.5,118.7,High,Heavy Rain Alert
WEA-00949,FM053,2025-02-15,32.7,92.2,38.6,High,Heavy Rain Alert
WEA-00950,FM077,2025-06-28,22.6,68.0,130.8,High,Heavy Rain Alert
WEA-00951,FM038,2025-03-22,25.4,80.8,19.6,Medium,None
WEA-00952,FM050,2025-05-17,24.6,60.7,22.6,Low,None
WEA-00953,FM048,2025-01-10,32.7,83.0,83.7,Medium,None
WEA-00954,FM067,2025-01-18,29.2,88.6,32.3,High,Heavy Rain Alert
WEA-00955,FM094,2025-07-08,23.4,83.4,144.7,High,Heavy Rain Alert
WEA-00956,FM015,2025-05-22,26.0,80.0,109.9,High,Heavy Rain Alert
WEA-00957,FM064,2025-11-11,24.0,68.1,62.2,Medium,None
WEA-00958,FM023,2025-10-18,34.7,82.5,28.9,Medium,None
WEA-00959,FM028,2025-04-26,32.0,78.8,31.5,Medium,None
WEA-00960,FM012,2025-06-17,31.8,74.6,68.9,Medium,None
WEA-00961,FM082,2025-05-12,30.1,73.3,85.7,Medium,None
WEA-00962,FM012,2025-08-13,34.0,90.2,8.6,High,Heavy Rain Alert
WEA-00963,FM090,2025-07-09,25.3,89.5,104.7,High,Heavy Rain Alert
WEA-00964,FM020,2025-08-02,23.3,76.2,57.2,Medium,None
WEA-00965,FM056,2025-09-10,27.7,85.8,34.9,High,Heavy Rain Alert
WEA-00966,FM096,2025-12-03,28.4,93.9,144.0,High,Heavy Rain Alert
WEA-00967,FM015,2025-03-16,30.5,67.5,96.3,Medium,None
WEA-00968,FM088,2025-06-03,29.0,81.6,82.7,Medium,None
WEA-00969,FM008,2025-01-10,24.8,60.8,107.9,High,Heavy Rain Alert
WEA-00970,FM028,2025-06-05,32.0,62.3,40.6,Low,None
WEA-00971,FM062,2025-02-18,28.1,64.5,31.1,Low,None
WEA-00972,FM044,2025-02-18,30.0,81.3,29.3,Medium,None
WEA-00973,FM086,2025-01-04,26.1,74.8,133.8,High,Heavy Rain Alert
WEA-00974,FM029,2025-03-20,24.8,69.6,51.5,Medium,None
WEA-00975,FM003,2025-04-06,26.9,77.6,1.8,Medium,None
WEA-00976,FM037,2025-12-15,33.9,78.8,41.8,Medium,None
WEA-00977,FM099,2025-11-27,32.1,89.4,117.4,High,Heavy Rain Alert
WEA-00978,FM088,2025-02-11,32.3,75.5,18.5,Medium,None
WEA-00979,FM054,2025-05-13,24.1,74.1,85.3,Medium,None
WEA-00980,FM037,2025-01-15,25.7,84.1,131.9,High,Heavy Rain Alert
WEA-00981,FM082,2025-05-14,33.0,90.5,104.6,High,Heavy Rain Alert
WEA-00982,FM030,2025-02-21,28.1,69.5,91.3,Medium,None
WEA-00983,FM019,2025-03-22,24.7,63.6,140.8,High,Heavy Rain Alert
WEA-00984,FM086,2025-07-10,28.4,62.5,126.4,High,Heavy Rain Alert
WEA-00985,FM006,2025-12-19,23.8,61.1,75.9,Medium,None
WEA-00986,FM007,2025-07-22,28.3,94.3,33.0,High,Heavy Rain Alert
